{"cameraMode":{"drawMode":0,"name":"Shaded","section":"Shading Mode"},"sceneLighting":false,"audioPlay":false,"sceneViewState":{"m_AlwaysRefresh":false,"showFog":true,"showSkybox":false,"showFlares":true,"showImageEffects":true,"showParticleSystems":true,"showVisualEffectGraphs":true,"m_FxEnabled":true},"in2DMode":false,"pivot":{"x":12.676298141479493,"y":-4.685616493225098,"z":2.361856460571289},"rotation":{"x":0.7149062156677246,"y":-0.0037728240713477136,"z":0.003860796568915248,"w":0.6992072463035584},"size":1.1660254001617432,"orthographic":false}