{"cameraMode":{"drawMode":0,"name":"Shaded","section":"Shading Mode"},"sceneLighting":false,"audioPlay":false,"sceneViewState":{"m_AlwaysRefresh":false,"showFog":true,"showSkybox":false,"showFlares":true,"showImageEffects":true,"showParticleSystems":true,"showVisualEffectGraphs":true,"m_FxEnabled":true},"in2DMode":false,"pivot":{"x":12.685422897338868,"y":-4.71777868270874,"z":1.5782771110534669},"rotation":{"x":0.6925094723701477,"y":0.0069278874434530739,"z":-0.00664820522069931,"w":0.7213543057441711},"size":0.7071067690849304,"orthographic":false}